bug_id,gt_blob_sha,faiss_rank,model_rank,n_candidates_ranked,faiss_score,model_score
numpy__numpy-14882,1c3b11844b45ea5660db5b77a3b02ff5a2712589,64,46,1301,0.6394898891448975,0.4938981831073761
numpy__numpy-18634,83f06fde8581ac56880e358156fd5d7c48b0a011,43,838,1581,0.5275682806968689,0.12724065780639648
numpy__numpy-18634,bfd08e4691aa426c1a65e791d73e4f7abb08a168,743,759,1581,0.3343447744846344,0.15097445249557495
numpy__numpy-13948,739ae7711d2215831e3f4bbdfa98e45f79377688,185,5,1146,0.39376455545425415,0.451831579208374
numpy__numpy-3495,eda3ef97cd73719365072e71521c2341c18707f5,2,9,1026,0.5906985402107239,0.697291910648346
numpy__numpy-3866,8f0027616961d19cf968e7eba698893538609844,337,27,966,0.2801106572151184,0.3328782618045807
numpy__numpy-3866,44cc2b1632e2c935cd9c187647c5a58710de80e1,33,2,966,0.4050058424472809,0.5515412092208862
numpy__numpy-9817,130817e7a150d31da2b5a5c119584c58f46e50e6,381,1,923,0.3241639733314514,0.8261075019836426
numpy__numpy-5398,c14d2e3575ee953b15008ea439710c1222fe6d9e,51,11,937,0.4577304720878601,0.5942822694778442
numpy__numpy-5398,9ca9136dd9221f46b4e0cab88d6d04f1ab239d9e,84,3,937,0.42173025012016296,0.6272848844528198
numpy__numpy-5398,db491e6f5d74ca863a1b30818f46d0253f2563f9,394,143,937,0.27658602595329285,0.21108394861221313
numpy__numpy-19613,813063adb6de06481992e6ce3247d21bf5af0274,217,2,1712,0.41118741035461426,0.5267514586448669
numpy__numpy-16022,93eb74be31a8c15f417176d7ac09e246c3acbd5f,4,1,1972,0.6903221607208252,0.8345921039581299
numpy__numpy-16022,d2986012b7ace617e407eeaa62d7b87e4167489a,62,3,1972,0.5965926051139832,0.7987006902694702
numpy__numpy-22519,8830b814743c35ba471ae96012c54600aca9f280,334,1,2004,0.34000203013420105,0.6836492419242859
numpy__numpy-11449,186ed949d863972ce80caca0f92af09422384297,161,53,973,0.44937413930892944,0.5297213792800903
numpy__numpy-6453,c5b5b5a8f0ea8024638f923618d173a000d1ea29,262,55,935,0.39913955330848694,0.41186583042144775
numpy__numpy-16627,a9ee74a5be2560ac73649476bd973d8ffb349ac0,405,10,1346,0.34616515040397644,0.501702070236206
numpy__numpy-16627,412d9fe6a13a754ae8613d7c8a642cbba468a19d,328,9,1346,0.3590431809425354,0.502596378326416
numpy__numpy-16627,d0ed3d38111171f8fea9a5512a04733b71f80b8f,334,1,1346,0.3572928309440613,0.567337155342102
numpy__numpy-9976,8f2e45fa53cad636a00af3ebb456d54536b97baa,74,1,927,0.43368715047836304,0.680662989616394
numpy__numpy-8646,3bbee0258bfc1a9739ab24fb3a259cb471a5f6da,237,6,956,0.20039066672325134,0.36014801263809204
numpy__numpy-23010,587fab3435735cb7f7b790fc4cf73d7f75d37388,1866,163,2057,0.13881376385688782,0.35206300020217896
numpy__numpy-23010,138f2e9a051ada4461aaf218eb32d50458294a27,372,119,2057,0.38223302364349365,0.3825531005859375
numpy__numpy-23010,a94ba1139168a84bbdd949dc9c9db8373f9c63c6,1318,244,2057,0.2855338752269745,0.31356340646743774
numpy__numpy-23010,ca07bd180c0ea0c3f22282e10ba0ddde6cbba65a,939,142,2057,0.3255554437637329,0.36365804076194763
numpy__numpy-23010,2e35f5bb9e1d10fbba672495ec82e16b11f05c4b,1355,199,2057,0.2845021188259125,0.3317299485206604
numpy__numpy-23010,b64f8ab173cb080e8624c4ea9bc499748a85f502,1302,384,2057,0.28867679834365845,0.24662154912948608
numpy__numpy-19098,ae1e6a180625e737506baedf049994146237443d,187,1,1656,0.3959144353866577,0.7452955842018127
numpy__numpy-12488,0379ecb1ada2ab9b39f1100515a3ac51b343e458,118,8,1031,0.4220801591873169,0.4754142165184021
numpy__numpy-18070,c22ceaa5e42fb2ab389bfd078276c52aaa3968bb,668,85,1526,0.4099513292312622,0.2691849172115326
numpy__numpy-18070,6c6c1ff809ce5315f1fa9eb204e0b546af8925c0,147,29,1526,0.5275897979736328,0.4103693664073944
numpy__numpy-3753,6873a4785d984b1b19127994fafe48dc1c8587f5,107,1,1016,0.39953646063804626,0.6274541020393372
numpy__numpy-13306,a1997ef6b90017dba07de1f65ead1d84ab79eaeb,433,279,1049,0.2822223901748657,0.11385811865329742
numpy__numpy-11450,1664e6ebb08da8ffd047cb8775f8275d9913f9e6,176,59,979,0.3479723036289215,0.4515230059623718
numpy__numpy-21151,3765a0d34e18d7faee5dbb682c7fdc49aa7d021e,578,97,1934,0.36034709215164185,0.5072404742240906
numpy__numpy-21151,1394710841feea44c27572c44967c68e1a64f315,582,845,1934,0.3597261309623718,0.24027308821678162
numpy__numpy-5548,d32f593904ae797c5ec29f23f8515f5e205b2019,129,12,948,0.36734360456466675,0.5298189520835876
numpy__numpy-10732,479d1849f98a04cfb91d44c1dd37936ec2c4d670,92,1,942,0.3880201280117035,0.8012278079986572
numpy__numpy-10732,26161f330938797fd062464148351d2e5de664f0,345,161,942,0.23984664678573608,0.45179668068885803
numpy__numpy-10732,d342410b8a85856eb59aced352fbf4caa40f5932,333,154,942,0.24177685379981995,0.4619443416595459
numpy__numpy-10732,5a0f977d93425d2bc97b0460764b1cbcb3257b36,523,103,942,0.20077216625213623,0.5385504961013794
numpy__numpy-10732,8c383cecec7b8a3985e75380340c6e614b7017d3,288,151,942,0.2537495493888855,0.46651625633239746
numpy__numpy-10732,d1d6c89b513952ce0630888bcc99cf9c19ffde9d,290,165,942,0.25333237648010254,0.4436638653278351
numpy__numpy-10732,4ccdaeea5e94830655424f4a5c642f8aea9e2f95,381,113,942,0.22930464148521423,0.5232544541358948
numpy__numpy-10732,66c07c9e1e48b8f1f4949b111214abed2fe75007,556,130,942,0.19474101066589355,0.4987882971763611
numpy__numpy-10732,a75c95e911e21004367db06536643c68e87bc8d8,318,135,942,0.24490149319171906,0.4933847188949585
numpy__numpy-10732,3f3b773a49b19915cbe3ea54b1b7b4e0992c3420,535,59,942,0.1979876607656479,0.6080977320671082
numpy__numpy-10732,4ff870e1938576491f785b625fac752c1e9694eb,316,159,942,0.24521489441394806,0.4542214572429657
numpy__numpy-10732,73cb3b8bfe4d1d184bb8bb66656ca360e3bc2e45,685,34,942,0.16178598999977112,0.651997983455658
numpy__numpy-10732,82a53bd08dbe339443bd337e12006ad2a6cf7d9d,451,56,942,0.2150825560092926,0.6128814220428467
numpy__numpy-10732,cd99a82d7b51a1ac1b8c9e3e8113c7a3397c048d,420,155,942,0.22152678668498993,0.4615732431411743
numpy__numpy-10732,cb59ee1e56d9c5d58f09c598c8006bcbdffd8f2d,340,203,942,0.24108175933361053,0.4009835422039032
numpy__numpy-10732,11b1acb074fe217a647f0f4a2b7c28898b8f2565,210,50,942,0.28158560395240784,0.6271802186965942
numpy__numpy-10732,d7ab040a17237765ab6e45395e8bc8cc8bea5df1,241,185,942,0.2689283788204193,0.41955000162124634
numpy__numpy-10608,6fce1c0475a93fce90fa0e1ecb9352115ae95012,81,1,938,0.585721492767334,0.6476086378097534
numpy__numpy-17636,dcf60ada9297180308729db7ccc23c416f86f0f9,774,10,1577,0.23956072330474854,0.6193990707397461
numpy__numpy-4463,7182bf4ae3d014ddebc3b0fd9391edaeb3e1e400,59,1,909,0.47195926308631897,0.8626266717910767
numpy__numpy-15685,12320ae4795a88b03e5d52992d7d61d4d6a65998,233,38,1242,0.39167320728302,0.5517512559890747
numpy__numpy-11813,d31d8a9398b518012e3517bc4240844732b16cf2,215,88,985,0.3841315507888794,0.2801855802536011
numpy__numpy-23335,9584e56d2add3cc50b450bddad892314cabe44af,196,1,2057,0.4981764256954193,0.8141886591911316
numpy__numpy-18911,ca29ad4c0c19dc7daa35f95a88e6027a31647e52,139,11,1639,0.4716552495956421,0.707785964012146
numpy__numpy-18911,e1f15d465e7b3d5d828e598de3bed8ff021bf9cc,529,3,1639,0.3953229784965515,0.7416597008705139
numpy__numpy-18911,aea9835c78e2653460204fe33503d3011a746d1e,13,1,1639,0.5509213209152222,0.7497225999832153
numpy__numpy-14074,bf6abcf0293197bad92c54f012c999deab9fc597,576,40,1147,0.2436019629240036,0.6470257639884949
numpy__numpy-19775,2e267cc6c5f2c1dd7ab4fdf2dd629445cca1dc79,654,460,1763,0.2630976140499115,0.27003222703933716
numpy__numpy-19775,5250fea84031373dd3cf6afdd6ef5dbde2639c57,961,892,1763,0.21666526794433594,0.14522521197795868
numpy__numpy-19775,c6115070e4cc9943d5e2d368342f98491a6e0291,458,625,1763,0.3035305142402649,0.21198061108589172
numpy__numpy-19775,0a35db477494b6dd19da7cfb085082cf7cd89d5e,664,381,1763,0.26156121492385864,0.3043171763420105
numpy__numpy-19775,c3ec792e3b283455d803c7ed035ea45c109bbf43,628,568,1763,0.26740485429763794,0.23199999332427979
numpy__numpy-19775,fe0d4a52bd160064d792c5a9493a4f07b54cdea1,601,1194,1763,0.27233636379241943,0.08677785098552704
numpy__numpy-19775,fd229dbef8f92d18d7627ce53a69f3fb97335e83,726,410,1763,0.25048428773880005,0.29085004329681396
numpy__numpy-9054,01741cd1afb6b2f27e92f70294d561c1af465fe6,176,16,960,0.33351635932922363,0.558701753616333
numpy__numpy-10542,f9f210532634622872bd26c502ab43157fdaa27b,521,856,937,0.21651169657707214,-0.0036970670334994793
numpy__numpy-5490,1b3d75db6e3ecd88d0dbaa0705ae21088334c8af,173,149,948,0.3148643672466278,0.1673513948917389
numpy__numpy-5490,5f96b1d610943e5e9b8fdd93b52c6fa4935daf7d,78,5,948,0.404280424118042,0.6085888743400574
numpy__numpy-5490,3826715e146b4f60cc85bc9321966055127f0f85,105,3,948,0.3687072694301605,0.614398717880249
numpy__numpy-5490,0891e7c8df8536e50f21d35dca98f2bc45b8b512,128,24,948,0.3411465287208557,0.4596000015735626
numpy__numpy-5490,4b10f361caa0ca5279c1ada3eec4a800926002ff,193,219,948,0.3051389455795288,0.09290441870689392
numpy__numpy-5490,11a2688e5dcf08bab79d856f3527281339d6bd04,60,2,948,0.4385220408439636,0.622515082359314
numpy__numpy-5490,677400367b00b39ca159be6b9843065104e88ffb,214,21,948,0.2958775758743286,0.4820168912410736
numpy__numpy-5490,35a6deaffece59c977d581190ccefa9a11f242ac,95,1,948,0.378726601600647,0.6364432573318481
numpy__numpy-22009,fb5dd6fdd441533025c2b62727e65dce08430b40,343,1,1982,0.37583354115486145,0.5810925364494324
numpy__numpy-11358,630767dc5347df4ba4b191ae2a7bfea8d7d8ab58,142,4,1048,0.4064846634864807,0.45660513639450073
numpy__numpy-8038,ad2dcc291f42c8b76f4401df9d202a8e73541747,126,1,941,0.35521090030670166,0.702802836894989
numpy__numpy-11427,b7d9c4406709e5069ca573ccd10384e2475b4a15,147,1,966,0.41295453906059265,0.6113080978393555
numpy__numpy-6763,ebc335a850984aa60944f5f763a0f08be4a690f6,31,2,950,0.37760382890701294,0.8684451580047607
numpy__numpy-6660,d95a362ca6bc0b2ee6cff3ba8870b621118da6e1,398,114,937,0.19482223689556122,0.2749384343624115
numpy__numpy-6660,a6e4a8dac3b03d75c01de8fa208bbe2c7bb128e8,193,1,937,0.24245381355285645,0.6275761723518372
numpy__numpy-6660,827909c4712d7f5e24763aac13529e42836a211d,160,39,937,0.25407421588897705,0.3643301725387573
numpy__numpy-13242,6dd6982dfe6a93d2319ea3f5a342e432d26a528a,127,1,1048,0.3919360935688019,0.660939633846283
numpy__numpy-13242,1f5bc2a51841b0d8a5427f67e8f1e1e618b3ee84,272,274,1048,0.303274542093277,0.2612605094909668
numpy__numpy-5489,bedd0e941f2fa7b9df550240f3eaa828db370241,224,2,935,0.32121604681015015,0.6668158173561096
numpy__numpy-15696,694523b20a97d8e0c13b8675469dbde26d9b9ee2,711,63,1244,0.3030112683773041,0.3273243308067322
numpy__numpy-15696,94d3ad503d88f3eef64b8052db84ac22a0b3e3ff,1058,177,1244,0.20991969108581543,0.25190410017967224
numpy__numpy-3645,c0dc56f300eeb363e22b271f6323a468875bb7b9,86,1,1014,0.3969743847846985,0.36506232619285583
numpy__numpy-3645,ca18d64eaaa49837d235a30ee1d2024386d7f808,199,3,1014,0.3387185335159302,0.31015658378601074
numpy__numpy-8674,066697f3eda6b35223837fad97e467a68fdca580,101,8,956,0.3916105031967163,0.4589284062385559
numpy__numpy-22014,5e89071e88ab03c5e6f163937d59c8b761338a3f,1691,3,1982,0.14611315727233887,0.4081934094429016
numpy__numpy-4677,fe3c037890d1c2fdee67546f02de334e5742dab9,35,2,922,0.5623546838760376,0.6645854711532593
numpy__numpy-3281,e391430f5a00ce92dbeced17029ac2edae4ec919,387,4,1026,0.24070942401885986,0.6704110503196716
numpy__numpy-3281,314cba120b3f44fe6b79a655929e5d02f2dabd48,391,405,1026,0.2397119104862213,0.3132500648498535
numpy__numpy-3281,b68a79b642a394ff71130c3ebd66492892749d15,578,35,1026,0.1923683136701584,0.583943247795105
numpy__numpy-3281,d1084b75eeb7fd54f4b21ecc8eac0dc6e4c849bb,148,104,1026,0.31506073474884033,0.49921178817749023
numpy__numpy-3281,85e6790600a3aaac75b0e9fdc2f83fafc0bf3291,558,119,1026,0.19978748261928558,0.4879738390445709
numpy__numpy-3281,5811be876962a5a288d02ed4a568d7af0db197e3,709,568,1026,0.15115413069725037,0.2302543669939041
numpy__numpy-3281,86d45f6187a6e0c0929ee32f7853331ee9e8eb9d,392,251,1026,0.239540234208107,0.3928301930427551
numpy__numpy-3281,98f58e33326d024e026bba40fee5a5dfa4458254,720,46,1026,0.14840172231197357,0.5663512945175171
numpy__numpy-3281,de8606167e11e7fd925819906f988194789714e7,289,298,1026,0.2629426121711731,0.36211445927619934
numpy__numpy-3281,a16a07d591f201872817a7f40298270b979571e0,692,70,1026,0.15656974911689758,0.5306402444839478
numpy__numpy-3281,1e84fd89489486f6cbe5b609fc5303046eb6e08f,128,12,1026,0.3345611095428467,0.641633152961731
numpy__numpy-3281,5d6bea3ca9aae493aa6b9496e067141954209fd9,447,5,1026,0.22957786917686462,0.6609810590744019
numpy__numpy-3281,bfeaf4c9b79e53d50b028f22e8f60283121af6a6,444,9,1026,0.22984850406646729,0.6497668027877808
numpy__numpy-3281,6e0cfcddb79d1dd7c26a88fbfa80f1af5665cb2f,440,401,1026,0.23072083294391632,0.3142394423484802
numpy__numpy-3281,094d41c11f5477bcb47d4b3c26ce4e5b2234e0eb,563,62,1026,0.19837519526481628,0.5398609042167664
numpy__numpy-3281,4c5b7e9fc970efb333b1145b036cb70451db2b25,87,7,1026,0.3683512806892395,0.6575982570648193
numpy__numpy-3281,ba89637eb50e3fd665f6152701c482d1ad05f981,186,745,1026,0.29150283336639404,0.1291661560535431
numpy__numpy-3281,4e00b1cbc551ffed6b7512da17fce3c9cc3243cb,694,422,1026,0.15563654899597168,0.3035566508769989
numpy__numpy-3281,f8471f965a2e0ac9df7b32a08f6c2055df3f17fd,598,18,1026,0.1878913938999176,0.6315543055534363
numpy__numpy-3281,c13c7e94aafbc169c70c5d578a09e5e3a0432a92,215,116,1026,0.2824476659297943,0.4899839162826538
numpy__numpy-3281,e61a89b87dc43a1c882e66fb0e0bcf57ef4ee745,495,597,1026,0.21875371038913727,0.21695610880851746
numpy__numpy-3281,2519cd4d41eded4eb15a7f61d554909c114af895,272,10,1026,0.26636409759521484,0.6486140489578247
numpy__numpy-3281,861fefad0b4f49838385708c7ea7158b7a239fe0,419,467,1026,0.23464512825012207,0.28399524092674255
numpy__numpy-3281,af59d687eb82f7f07ee1c53ad80ce7d1cc124c9b,607,112,1026,0.18449461460113525,0.490797758102417
numpy__numpy-3281,3f91046d2fda754fdecce9277098acc2e7bbd38c,225,30,1026,0.279278039932251,0.5971370935440063
numpy__numpy-3281,40788e148fd4f9ff1cd8bc8dba42e25fe1133565,414,441,1026,0.23546387255191803,0.29509541392326355
numpy__numpy-3281,4fe1f8444c3e07f83fc4ef6498411e3d01b6ab27,436,81,1026,0.23138581216335297,0.5178265571594238
numpy__numpy-3281,f1dcbfbdcc1ae12ffef2277d2e956628270497c2,423,77,1026,0.2342715859413147,0.5229706764221191
numpy__numpy-3281,5494313064c62c9c9e6051b31a91e9282f41b1fd,819,54,1026,0.10313244163990021,0.5577489137649536
numpy__numpy-3281,4e4d94cd68a6f024a8e92d1ec051ee563f0a3e6b,696,11,1026,0.15529532730579376,0.6443498134613037
numpy__numpy-3281,173853b6c161f4dc7cbd5a8f1ac8abcdd7d13f26,453,17,1026,0.2279779016971588,0.633700966835022
numpy__numpy-3281,57ab3ce78348a00021169a1c3ce77225aa706c79,388,20,1026,0.2406921088695526,0.6266209483146667
numpy__numpy-3281,a76401ac92a75756a6ffc8dbc6bfef47f91c3ba7,776,50,1026,0.1269340217113495,0.5622454881668091
numpy__numpy-3281,1ead53c871eaa86eee0f15b16ada76b99a083c87,309,636,1026,0.257107675075531,0.19740663468837738
numpy__numpy-3281,c86a15407b98252969949f9057699bafc4863f4c,532,19,1026,0.20885518193244934,0.6288918852806091
numpy__numpy-3281,775929fa177787047e25ea3da9eeaf5cb3d7f184,613,55,1026,0.1818132996559143,0.5534131526947021
numpy__numpy-3281,66171ba855afebe1313e92d5e72b056984445314,637,67,1026,0.1733749657869339,0.5356801748275757
numpy__numpy-24364,20b212792eb1e014dc33a8abb55a595aa628a92e,427,208,2060,0.43236860632896423,0.4496094584465027
numpy__numpy-15189,a843f725fc8ba835b379d107c325a40bed6439d5,1045,241,1232,0.17013271152973175,0.2829854488372803
numpy__numpy-7260,f3d30d15c44122411d6f3da50249c7af221b64f3,230,1,935,0.43813949823379517,0.8345971703529358
numpy__numpy-18906,71b01d6cd1e5cafcff2c70e063bee8be4febf724,1328,835,1638,0.23651529848575592,0.091645747423172
numpy__numpy-18906,3267197f53fb5fb3a703fdb4ecf19b74da5440e8,969,802,1638,0.3138442635536194,0.10136471688747406
numpy__numpy-18906,7efa5c07fcfe8fa70ffdf41a54c32944279b32c8,1188,854,1638,0.26620781421661377,0.08489924669265747
numpy__numpy-8988,4a07815e84acb8e0e44ebecaecc3982f1555eca9,125,75,950,0.40889865159988403,0.3782222867012024
numpy__numpy-22046,93eb74be31a8c15f417176d7ac09e246c3acbd5f,8,2,1992,0.41854357719421387,0.8504698872566223
numpy__numpy-12224,85a830661a3306c596129e554473008723db72ef,149,2,1015,0.40858227014541626,0.7393016815185547
numpy__numpy-20325,9fab77f453825d103c0e16aa30c39f5c46fb06f9,507,11,1815,0.32770854234695435,0.5369997024536133
numpy__numpy-20325,4d57acdb2e0222517db94cff3c91085097c80664,268,5,1815,0.38207271695137024,0.5612459182739258
numpy__numpy-4344,5cd535703690b83b761b35f77f5e39afdfda1be6,169,1,969,0.3319604694843292,0.5525051951408386
numpy__numpy-8388,a59fe3cc4e327cb73d419401707cc2e638f11835,111,11,943,0.3470325469970703,0.5453523993492126
numpy__numpy-5518,0b18bc6c62fa4476d6eb21b7167c5a96282ece96,227,314,934,0.3325396478176117,0.06373670697212219
numpy__numpy-12807,23a4b7c41a76be289e8bb594b9ad39501e64ec9d,727,33,1038,0.25097861886024475,0.6631914973258972
numpy__numpy-12807,8750ed0b3d19e9052733af6e6ba01ad1f4455885,578,3,1038,0.2920841574668884,0.7343412637710571
numpy__numpy-16349,f233c72409673bc2dad899cf61c070a8a6b69261,93,1,1249,0.424287348985672,0.46667638421058655
numpy__numpy-7268,5b1237a3285b2345068568f4f979da9e53db2418,291,1,937,0.3952121436595917,0.6945512294769287
numpy__numpy-16300,613bcb550dfd1bc3386862c8f014cc8bc818b0a3,59,366,1480,0.5999026298522949,0.2325480580329895
numpy__numpy-16300,4e320576bdb34e507caf98665a9365e962e0818e,54,587,1480,0.6028050780296326,0.16623322665691376
numpy__numpy-3608,0dacd4bca761637d9344296d001e8e1c1fb6ce33,103,486,1012,0.3644663691520691,0.11869582533836365
numpy__numpy-10951,8e8339355245ad458ccc23ca2d537289f0a6a4dc,175,3,953,0.364829421043396,0.46193087100982666
numpy__numpy-12358,1ef3dca47ec5aea6b41a0a676e52d4686684f43d,39,2,1028,0.6326984167098999,0.6394414901733398
numpy__numpy-13599,1b66f3a3e92321da90750d91b239fbe13cd67bfa,191,2,1056,0.3504103720188141,0.6767923831939697
numpy__numpy-3772,1f3e6b44edc4a694e2aed1ce3ebf60e5c927fc48,80,49,1016,0.46981844305992126,0.45967090129852295
numpy__numpy-3772,1c8cea4f7e4a49c52c24ef3712149d79bf5decbe,2,7,1016,0.6033061146736145,0.6457322835922241
numpy__numpy-9552,d0d384a62d8241bfe79a89000ef24e79738eaa1f,185,693,917,0.3239790201187134,0.028718307614326477
numpy__numpy-15028,83cecc917ea8e896e7e43105a4530333609d943c,297,1,1215,0.35248643159866333,0.7335489988327026
numpy__numpy-9965,366d14318adec158b329d6592f908f27f7a148f5,220,17,926,0.2682781219482422,0.6007683873176575
numpy__numpy-10629,9e979bbe6a710eda8eefc6b45c7488cc1ba7eac2,91,11,938,0.5281298756599426,0.2704206109046936
numpy__numpy-10629,65c3ed00dbd308146709b7e8a7086c613b8818f4,126,2,938,0.48694878816604614,0.3159746825695038
numpy__numpy-10629,1f193ecfcf283539eb8ef1ea5b085955c63e7a35,118,1,938,0.4922407865524292,0.37666359543800354
numpy__numpy-10615,c82b495b159e89087aa4b88da48b0d463d233d3a,459,14,2053,0.40243130922317505,0.5769290328025818
numpy__numpy-5468,2a527a4a483bdb56ec5e0727710b3d3596bb5b67,78,1,935,0.45020073652267456,0.6833243370056152
numpy__numpy-8816,e100e471c2c9e6bac99f91efe80aa385197956bd,162,18,960,0.4138704836368561,0.5114161968231201
numpy__numpy-8816,1fd530f330eaf5299e65d29d982d190d92e3691b,95,15,960,0.47165319323539734,0.5323823094367981
numpy__numpy-19645,587307cf915298ddb8bc089e94e03decf9c379f2,609,54,1714,0.3580579161643982,0.47824761271476746
numpy__numpy-7667,3533a59fcafd7a37ea7814105d34c4e13c0a9af5,87,25,936,0.4866592288017273,0.26693984866142273
numpy__numpy-15695,ba35224e6ad52489c016c66127584e7390abe808,269,127,1246,0.47681811451911926,0.3607081472873688
numpy__numpy-23097,71830fd2cc535699edce203ca6d0dc54878994fa,304,403,2032,0.368358314037323,0.3611343502998352
numpy__numpy-23097,e70a1fddca74757f3cd7899c25450a58c0e17781,616,341,2032,0.33414584398269653,0.3855541944503784
numpy__numpy-23097,018d38cdd5003103adec60cbfd844f49ca18c932,342,942,2032,0.36278870701789856,0.2142423391342163
numpy__numpy-23097,4fed75de1cbc22357c675fd8ce2d52cbb6829b50,351,876,2032,0.36108100414276123,0.23082929849624634
numpy__numpy-23097,1c4e1295e3cfbc29b8292f8d375e1a5d74361cf3,1195,39,2032,0.2854260206222534,0.6697816252708435
numpy__numpy-23097,c1b34a2cc9528b859e9f40d4eaee8eb35dbf64d6,497,707,2032,0.3447801172733307,0.2791481614112854
numpy__numpy-23097,18747dc80896c087f37a878674e7c3c34bbd1e3f,1132,245,2032,0.29181480407714844,0.44050776958465576
numpy__numpy-23097,1fe7a6f4d816274b65d27dd44cbcc6296ff09255,106,4,2032,0.41884300112724304,0.777556300163269
numpy__numpy-23097,b6f879bcca85ac07d93d6d86826403b866f0634d,1040,451,2032,0.29959267377853394,0.3462517559528351
numpy__numpy-23097,b58e867a133f804fbaf0d31099258a11e29058aa,718,1012,2032,0.32635971903800964,0.19654199481010437
numpy__numpy-23097,0e0849c1f4d2074c642b7c7c09a86d36cd113b95,437,11,2032,0.3516993522644043,0.7357273101806641
numpy__numpy-23097,477948a0986b2708c15d77127d06cdde794c33b5,1167,322,2032,0.28826606273651123,0.3940686583518982
numpy__numpy-23097,6f203e87271109763f2f947b711bd4124cd1138a,763,695,2032,0.32188668847084045,0.2816208004951477
numpy__numpy-23097,499609f96600ff5ba4dc3573a8f02effaf1adaa8,944,466,2032,0.3080828785896301,0.34226194024086
numpy__numpy-23097,7520b72d7ac02d17b8baecd98918082397632a14,673,602,2032,0.32978248596191406,0.3032307028770447
numpy__numpy-23097,24022fdaa32708150cd5d1dcfe586eb33fb7175e,505,700,2032,0.34411197900772095,0.28036409616470337
numpy__numpy-23097,522756fc9db359002c7208b75094b103323f13c6,903,195,2032,0.3106394410133362,0.4774063229560852
numpy__numpy-23097,6e34aa7787ad04a6d36bfae8d33a18e29a3e8f47,900,566,2032,0.31082892417907715,0.3143545985221863
numpy__numpy-23097,c444e769fb6d94ffc0bff6cec25cd30a86858f2e,837,643,2032,0.31580114364624023,0.2931935489177704
numpy__numpy-23097,c8bc2910268e06478d12bffa90024f8f09beb161,645,513,2032,0.3319337069988251,0.33007508516311646
numpy__numpy-23097,73a8f2fff58c1a22c8d18b990d04daee54d4d0bf,612,473,2032,0.3343179225921631,0.3393382430076599
numpy__numpy-23097,cd9ad976c31abe2826736642d0a4d1b69627a14e,1505,40,2032,0.25443315505981445,0.6677457690238953
numpy__numpy-24161,8048b62029a0a9f686ce290a3ffadbeb22d010f5,194,1,2049,0.42493340373039246,0.5533589720726013
numpy__numpy-11717,163f125c28a51dac5205769e0344300339ad372a,18,2,983,0.5452642440795898,0.6434093117713928
numpy__numpy-11805,d84455a8f269d45fc5df179d12d83801a5ad208f,76,8,985,0.3861764371395111,0.5003520846366882
numpy__numpy-8148,25cc5355c45c2e1ebdb51b135b26db3808018066,561,155,947,0.25892066955566406,0.4060594439506531
numpy__numpy-3266,3fb69a705d69dd1cb049a4b4470b49cf2696a198,356,334,1026,0.24041280150413513,0.4428293704986572
numpy__numpy-3266,ccab2a45e6aa15f6cb3618e07e2c3e05c8e38e72,281,61,1026,0.25476986169815063,0.6567245125770569
numpy__numpy-3266,1fae54531d0d2ff99f4ac3bd787de24b99bd60d2,612,30,1026,0.17916333675384521,0.7137987613677979
numpy__numpy-3266,ce0ad8c727d47efc08880c908581ab33481252be,228,159,1026,0.2710074186325073,0.5569174289703369
numpy__numpy-3266,8c383cecec7b8a3985e75380340c6e614b7017d3,203,190,1026,0.279586523771286,0.5294939875602722
numpy__numpy-3266,658b01bb67ffd91624cbfdced905ca64ddf7aa4a,334,100,1026,0.24513688683509827,0.5991121530532837
numpy__numpy-3266,e4dbe240b29e86192f827debd252d94103199661,272,200,1026,0.25662192702293396,0.5221589803695679
numpy__numpy-3266,4b4c2390c670a6af6728b2ae0ff405489bb9ffa0,375,214,1026,0.23756715655326843,0.5150994062423706
numpy__numpy-3266,917623bba12fdea349d9182ae9b86f0d22b5fd2c,444,216,1026,0.22363035380840302,0.513289213180542
numpy__numpy-3266,1c73c86d35a14f6003b06e86d860bcb78e8ad55c,383,476,1026,0.23620018362998962,0.3772633373737335
numpy__numpy-3266,361ccb18332e6d89889c8cb531a5a0a2b4b380bf,412,284,1026,0.23075968027114868,0.4762898087501526
numpy__numpy-3266,4e4630eb01d7e9104a01626ec60e283d0b76c3f2,541,407,1026,0.20112326741218567,0.4006446301937103
numpy__numpy-3266,5dd8d3c5c846fc4dbf62797239170f1e52d58150,233,198,1026,0.268553227186203,0.5233614444732666
numpy__numpy-3266,2175628d663f9b48fb0459ce894397f3e9c127e9,204,47,1026,0.279585063457489,0.6819283962249756
numpy__numpy-3266,a2f0892340f3d2ffda1c33c20ea9ac4cb426fa5b,411,339,1026,0.23077043890953064,0.4385538697242737
numpy__numpy-3266,c54b42ed427c1203cdfd5b356ad7240dba2b6f6b,377,529,1026,0.23740233480930328,0.3597869873046875
numpy__numpy-3266,ffa5140bc2daed38e5379dc39187f66359a9e74d,252,715,1026,0.2620514929294586,0.264790415763855
numpy__numpy-3266,fe122d4db9ebf0e759636cfbaf354219ff210442,389,577,1026,0.23499679565429688,0.33866292238235474
numpy__numpy-3266,ab2ff2be8d9cf445f716590ca2bf829dada7ba98,242,212,1026,0.26500189304351807,0.516513466835022
numpy__numpy-3266,23a945fce996c0015597d806fe6582eead0bf39d,360,380,1026,0.2390897274017334,0.41763418912887573
numpy__numpy-3266,0e3a9627e44def956c529a4942dbb724e8e4b16c,526,253,1026,0.2044423222541809,0.4925064444541931
numpy__numpy-3266,7ce3061a114f4585d88c0599ab932f4ef88bc82e,414,88,1026,0.23048576712608337,0.6181617975234985
numpy__numpy-3266,457a6e034bf3d1f52896e1ea4752b0b6028e31d7,243,51,1026,0.26447466015815735,0.676609992980957
numpy__numpy-3266,a75c95e911e21004367db06536643c68e87bc8d8,209,365,1026,0.27901917695999146,0.4243606626987457
numpy__numpy-3266,ad1f5207aa2cf7457d4876c0002f4ecef12387ee,253,187,1026,0.2619275748729706,0.5324602127075195
numpy__numpy-3266,494343b289d87a09bd7243e52aadafd71827d97a,207,363,1026,0.27922338247299194,0.42568880319595337
numpy__numpy-3266,6a353762b013f375affc0c6c25072b5820cb6f3e,232,424,1026,0.26944637298583984,0.39390748739242554
numpy__numpy-3266,edc653f9fe29a7b61f1c45a712c7cd2e678efa3e,284,263,1026,0.25435227155685425,0.4898490309715271
numpy__numpy-3266,61f6ba751834926d842843a96b3a55292fe5f9ae,348,167,1026,0.24262936413288116,0.5478081107139587
numpy__numpy-3266,5b3454b3a76d457703f3dc73c04f64a21c36b1d4,291,294,1026,0.2533286213874817,0.46802401542663574
numpy__numpy-3266,5c9574917e88e300f1030d02155e60c733eeafbe,268,146,1026,0.25730079412460327,0.5636954307556152
numpy__numpy-3121,48f1eb8dc6df34863ba4f163e1a73369da374a86,377,225,1020,0.2197113037109375,0.34427323937416077
numpy__numpy-3121,1bb7a0a27132290d6008e88e8d43fd8952fda200,417,31,1020,0.21171250939369202,0.500943124294281
numpy__numpy-3121,be7a6cce85175977b05aed63ff6e356714c540b7,443,54,1020,0.20578327775001526,0.4702771306037903
numpy__numpy-3121,70373c0b05a6c8e9b96492ce1215bf9ebf41b058,134,606,1020,0.31169435381889343,0.1531529724597931
numpy__numpy-3121,426f4e05e889d7de4c59a36d22bc66ff8f62ffcf,561,32,1020,0.18108698725700378,0.49995681643486023
numpy__numpy-3121,552b086d5cedabab6907ef492c6b14e227c16a42,526,41,1020,0.18742822110652924,0.48833227157592773
numpy__numpy-3121,70093e037082fdda699937dcde8f5174f7663e8f,693,498,1020,0.13769230246543884,0.2095349133014679
numpy__numpy-3121,a9e66e6f4855e3b2467af508f50cff1b09d23b06,541,170,1020,0.18485915660858154,0.3804425597190857
numpy__numpy-3121,1f3ce2ddba27f95919067ce0c50072777d0fa875,361,209,1020,0.22301830351352692,0.35318922996520996
numpy__numpy-3121,61200e0c12e67fb212c958561911ba070556bf42,96,15,1020,0.35156571865081787,0.5251615047454834
numpy__numpy-3121,ea898ade99a1c708300ccc0e244cb13eba3d5589,810,422,1020,0.08606357127428055,0.24674564599990845
numpy__numpy-3121,c22aacb9ab06349c16eec82bc4f3d6de212483ad,399,72,1020,0.21575592458248138,0.4488442540168762
numpy__numpy-3121,8c43f97c0343a51b53ced565e2ab120661051946,576,739,1020,0.17625531554222107,0.08928851783275604
numpy__numpy-16879,1c32367f3d8a1f38a3cb8556d0680446dbad020c,102,3,1420,0.36040884256362915,0.5949839353561401
numpy__numpy-16879,20c8a449e9b88eeebd2580c6ecb8c9a687e728d4,615,134,1420,0.21914264559745789,0.44729337096214294
numpy__numpy-7016,a18b380727b3a0b026c19611a903ed8f2a148d79,15,2,934,0.435413658618927,0.6588395237922668
numpy__numpy-21630,41f702bd16dbf641d40134dc87f8a02bbfe95c02,661,1,1940,0.35239356756210327,0.7795947194099426
numpy__numpy-20659,d6e1d4eecec0defdadc63fe480348cbd83bee0bd,229,1,1976,0.47825464606285095,0.664832592010498
numpy__numpy-20446,1df2ab09b29d25a7f39ddb0ff2ac97032fb897fd,516,2,1799,0.36600109934806824,0.4176675081253052
numpy__numpy-19736,ca9f4f47422699eb074e201934dc6a3952721555,57,1,1743,0.564247727394104,0.7929095029830933
numpy__numpy-6199,253dad5b6ca49bb58a211da28f60aa19af579a83,93,4,964,0.48058515787124634,0.5025310516357422
numpy__numpy-6199,86d75763013663fe07a1a0804ddf3de47d11fa70,69,152,964,0.4983736574649811,0.2812623977661133
numpy__numpy-6199,44bd48df7201a70fa2a1376f9e2042efac2ac716,420,392,964,0.36127206683158875,0.1712948977947235
numpy__numpy-3097,e45f9950e8a20260e470eb99b9d642bb24980b6f,662,30,1021,0.22596827149391174,0.6760647296905518
numpy__numpy-3097,a9b2af108090ed1dd83a9f3e9ebcf35a25758fda,116,11,1021,0.36262184381484985,0.7185070514678955
numpy__numpy-22294,620cc0a92cb0bb04564a8168a98f3a1de66d913a,296,1,1994,0.37001335620880127,0.48043468594551086
numpy__numpy-17344,a1c52412d0bf731d6b44fdb1234cc5527b989a9d,251,4,1464,0.40010687708854675,0.7922724485397339
numpy__numpy-5638,536a576dd101a2c712847b248b82879cc3562382,490,1,934,0.21089892089366913,0.7041684985160828
numpy__numpy-15920,eb03932e17cd9d8e49dba7292e097749f629c208,64,1,1266,0.5019786357879639,0.7192506790161133
numpy__numpy-6500,4a995533a544edd830bb5835d13e7a33f8291fd6,101,2,960,0.4024892747402191,0.6734983325004578
numpy__numpy-11086,9470040019a7be4f7fc0afd32b576d08282c3db2,5,261,957,0.6681876182556152,0.1627466082572937
numpy__numpy-8905,3ce44caf7e23f59fd59097130426dce0576272b7,19,3,950,0.406667560338974,0.8005994558334351
numpy__numpy-7218,690655b361b8d6fbd3e28a86383e193cc6e7cdaf,79,4,934,0.5502750873565674,0.537131667137146
numpy__numpy-6208,4f2482ef825f43b5b3a284eb629016195a62105d,756,575,960,0.2185211032629013,-0.05971105769276619
numpy__numpy-6208,81f5be4ada6f6ae8ee2fb6fbc2ed70b74ac20534,156,18,960,0.4447151720523834,0.37762314081192017
numpy__numpy-8384,fc49a6fd7d6245d88d317b3d63b12b3f9fbb674e,164,761,956,0.3634210526943207,-0.0021101245656609535
numpy__numpy-8384,05166f1e56a1a0e5f4924d7d1784d5cab71e7be6,487,114,956,0.28241515159606934,0.4145301878452301
numpy__numpy-12376,7f2541667a76e365b4c54c5c30dccbf95c47a897,859,146,1028,0.12411817908287048,0.29625070095062256
numpy__numpy-23045,3bbc3c5ed49e6ced9638b7c45ac7c35330b486a8,145,1,2032,0.4804191589355469,0.6739554405212402
numpy__numpy-11774,5880ea1544d4b0931e9544dbaf309dd80344f528,97,12,983,0.3673987090587616,0.5462380647659302
numpy__numpy-3185,e111fdb83e78c8a5a6c266d384d13226669b2a4e,424,1,1021,0.35133814811706543,0.6222630739212036
numpy__numpy-19654,57c7db86d1322dec11e646afa37bf0ddeadbd62e,325,2,1714,0.34263840317726135,0.6947606205940247
numpy__numpy-9096,449196efbff99ef62582d7f01aedb4ecf8b58a5b,77,2,962,0.4254412353038788,0.42041856050491333
numpy__numpy-15928,7eeed7825bddd659b4bfc593c17bd733964fd079,52,1,1276,0.4066094756126404,0.5552769899368286
numpy__numpy-21187,78810a0a74a9f4d5ae80000c548952e0dc7090bc,601,3,1934,0.33541232347488403,0.6994372606277466
numpy__numpy-21187,5bc9113af1be4393edfb2c93ffc4361e438a89de,170,2,1934,0.4889765679836273,0.7111002206802368
numpy__numpy-23061,d494aed0f56a0b2fe46d650f5ce4a508d83aec8e,111,1,2030,0.587626039981842,0.5753647685050964
numpy__numpy-23881,c758a09447a0b3a7a3456e64eb9048b2965088c7,328,4,2027,0.40663647651672363,0.508771538734436
numpy__numpy-23881,5bc831ac29653fe403984b79b1e09f0ce490987d,545,90,2027,0.3651927709579468,0.42479127645492554
numpy__numpy-23881,afbb412f7f5edf3e79c46490f9d3be5177c768b4,627,84,2027,0.3548741936683655,0.42733150720596313
numpy__numpy-23881,a949b5977c25a081cc9deb6754d1c12df0428ea7,571,5,2027,0.3607242703437805,0.5057783126831055
numpy__numpy-23881,e154b995298cdd5e15ddbb4701aaa59c50261c5a,760,27,2027,0.3401068449020386,0.4722501039505005
numpy__numpy-23881,7026bd489563e5ae8e6a88906217fca8cf305c9f,733,2,2027,0.3431979715824127,0.5100390911102295
numpy__numpy-23881,40f5a4d2e8fc7218bc717efe56ef5c81a76b5673,614,129,2027,0.3560190200805664,0.4041593074798584
numpy__numpy-23881,476d619fee63796fe285a766b579cd559b5a4b59,134,192,2027,0.4717864394187927,0.37617313861846924
numpy__numpy-23881,d214046effd375157152803fc841bcd5a2ca709a,793,56,2027,0.3361450731754303,0.4407725930213928
numpy__numpy-12064,0e3c58793ddc6899cb08e4f9b129b56bfe8ae84f,477,42,1012,0.2682790160179138,0.3872672915458679
numpy__numpy-12064,e1df236bb6b27b63f548eee0ccc732c76b14caf3,440,174,1012,0.27351146936416626,0.28124040365219116
numpy__numpy-10324,ec2d0fe81cd98bab5855e1c5eee0b47f4cbcd9b3,24,1,937,0.6284657716751099,0.46531760692596436
numpy__numpy-19151,46fb2502e5ccbd9e7b441fbd764c120c5eeac52f,57,1,1659,0.4596032500267029,0.6702121496200562
numpy__numpy-12493,9e09e46b35aec3a94310862056e26451d008fd84,130,15,1031,0.4222913980484009,0.5015038251876831
numpy__numpy-3460,7a0b36cde1ac69f4d153f54671333d41c79f058e,74,5,1026,0.42809176445007324,0.7983852624893188
numpy__numpy-3460,1440cdf878ae24ea1f07fc28297e30ee8e755328,54,3,1026,0.4524667263031006,0.8019720315933228
numpy__numpy-3460,13810c97ff8117199e65d0d21fa2c686feaf25f3,29,6,1026,0.49899613857269287,0.7925611734390259
numpy__numpy-3460,dc1b27d76022fa3d816b2b7b1458cb080e581a3b,84,8,1026,0.4177461266517639,0.7533872127532959
numpy__numpy-3460,9051bf5332d5343be2ae1356c026e59981689530,57,4,1026,0.4473438262939453,0.7992833852767944
numpy__numpy-3460,1cc316bca83689b8625de399b685bffec4aac178,91,1,1026,0.40437349677085876,0.8151376843452454
numpy__numpy-3059,3a9eb3b137d267ef7abf5dde9ff4dab0ae05f9a7,20,15,1021,0.4081554412841797,0.7100296020507812
numpy__numpy-3059,7bf3b43ceab27aed8b8aea0ee77d3757a3eec863,133,123,1021,0.3382391333580017,0.5492417812347412
numpy__numpy-3059,612d1e1477532d04f42c515a9e773845406fcc53,498,40,1021,0.2489134669303894,0.6676753759384155
numpy__numpy-3059,ed9801ceb1a9d9794d646d3511d16ccf1d620f0d,47,33,1021,0.3822322189807892,0.6819958686828613
numpy__numpy-3059,c77eeb544e78bd38e9f32b5315026061c9c8a483,765,75,1021,0.1858503222465515,0.5981274247169495
numpy__numpy-3059,820e6d8f92cfb99d89e725a59e0035c4958048d5,76,11,1021,0.36403796076774597,0.722669243812561
numpy__numpy-15938,40d632ec55ef8bd20ad9c751e17902022e05a58c,932,498,1266,0.25207531452178955,0.12322203814983368
numpy__numpy-24299,002a2edb1275dfea201dc786dac7e10b7a1ae579,95,19,2047,0.5660365223884583,0.7195898294448853
numpy__numpy-21654,a2bc75a4d33125c2d0b7910f5823e029644dceec,22,13,1946,0.36943626403808594,0.5646860599517822
numpy__numpy-21654,6382732dcd499bc01b0eb30d4ca733ea977276f6,309,10,1946,0.29781824350357056,0.5738420486450195
numpy__numpy-21654,5a3addf4cd3d426e4221b26e7f69607b66384f8c,431,11,1946,0.2807013690471649,0.5679886937141418
numpy__numpy-21654,b4741355f2364b2ececb57a8dab085c17967ee36,9,4,1946,0.3875911831855774,0.5952392816543579
numpy__numpy-8555,eae2f8692759074551c060328429a57f7a7b230d,28,1,955,0.47756844758987427,0.7696932554244995
numpy__numpy-8555,49888ee09f42df01c0b752460284c2aa67b951dd,78,6,955,0.41220930218696594,0.737129807472229
numpy__numpy-8555,49b0a9247c1700888fd54ed0d596ac5d24f3cf21,92,2,955,0.39725151658058167,0.7564531564712524
numpy__numpy-8555,44fb32b5f6e53a09192d1a1ce4040ee08d6f3302,123,4,955,0.3780743479728699,0.7514426708221436
numpy__numpy-8555,00ca8702d8736b01df4e036b5125006790736726,74,7,955,0.4170171618461609,0.7356752157211304
numpy__numpy-8555,b54fd29821a810447643257544b295028f0def20,65,3,955,0.4318259358406067,0.753462016582489
numpy__numpy-12727,e92a06124b928b828b8598453fa5d3c916bf39cc,151,1,1037,0.4268559515476227,0.6374472379684448
numpy__numpy-12727,fec715f63f1aadcef8b59d51693ea5867ff50a86,618,646,1037,0.2207675576210022,-0.03972086310386658
numpy__numpy-7152,dad1f47649d04d41786d34b9066db58f32f972c3,134,50,935,0.3080880045890808,0.30995839834213257
numpy__numpy-4400,59e8777506f018e55062c56d0d5937a6170b76e8,78,774,970,0.44423016905784607,0.050309859216213226
numpy__numpy-4400,6934cadccca4ff1d789ba30306dd995895402271,43,6,970,0.49876269698143005,0.3898802399635315
numpy__numpy-10603,c5679ace8b43b97594873be8c1a5518fdbc2017d,121,3,937,0.39436179399490356,0.4929788410663605
numpy__numpy-19893,47354cd9dfacc1861a952f139a5179d41af25e5e,340,336,1763,0.34928932785987854,0.28029865026474
numpy__numpy-19893,f45374be63ba94af8140eb4e689fbec19f0e3c14,871,337,1763,0.2500576078891754,0.2799670398235321
numpy__numpy-20182,a0fb73619178c11696a2020a5b6d458c24a2a003,431,14,1822,0.35338759422302246,0.550595223903656
numpy__numpy-20182,0c0ec25e386de1063a3f302c2fc5014b8c5dd808,310,5,1822,0.38841286301612854,0.5851881504058838
numpy__numpy-8423,4955d25eb5b76a64a9d8de3fb605a4c5d2294f24,297,29,957,0.2815382182598114,0.47616419196128845
numpy__numpy-8423,6e859bd90448deadf63dd9c5332e82938746f3ef,84,1,957,0.3841441869735718,0.5912145376205444
numpy__numpy-8423,141df2ace8aadb3c15fe124e34c17c6f0975f6d6,349,124,957,0.26828306913375854,0.2662103772163391
numpy__numpy-8423,fae3e3cbce178bf9085907ee78c4c093ea6c0f30,150,5,957,0.3314913809299469,0.570572018623352
numpy__numpy-4861,a8925592a6c6ea0a0089b623c8c123a28e6a11e5,163,2,927,0.3911828398704529,0.598530650138855
numpy__numpy-11850,dc72e76618a507148664f7288cc9b137ddfa4bf3,252,1,988,0.38371238112449646,0.6541053056716919
numpy__numpy-23971,4871d2628b7e56ce4fc29c307a5a86379f364c64,51,2,2036,0.4631986618041992,0.7841942310333252
numpy__numpy-8996,b6c017b968d312fe04b502a9f999127e2e645e0a,385,323,950,0.3644748330116272,0.08861909806728363
numpy__numpy-3244,72df5065ec29689724be12c967b5a279de0c37b3,365,132,1023,0.21583271026611328,0.4861743748188019
numpy__numpy-3244,dc143415e4419a21cdbcbb3031b5bcd9bfd922d4,493,42,1023,0.18877562880516052,0.5803416967391968
numpy__numpy-3244,ea8d986569b869db8bb3f018c8253dc177ad6442,257,93,1023,0.24208751320838928,0.5173861980438232
numpy__numpy-3244,0caf6ebebe6db332915df6245974b7cd24bd50c5,131,1,1023,0.31103527545928955,0.726203203201294
numpy__numpy-3244,7c200130500cbfbbc805a9b338bf7925e5adf991,218,25,1023,0.2563050389289856,0.6255389451980591
numpy__numpy-7654,6e091652e5ae335d70d0b09242459d183b29a07c,117,1,934,0.474511057138443,0.8406782150268555
numpy__numpy-23721,6eafb8106b2a8390fefe6999296113755b07039e,1047,3,2071,0.21987491846084595,0.6334965229034424
numpy__numpy-8474,ff21302977645ab750f3d6e0d1a52e3fe6b781a6,677,445,953,0.1637060046195984,0.2163563370704651
numpy__numpy-8474,ff94317987ca3e77c3bbaa6452fd02c86b344cc6,123,348,953,0.33397719264030457,0.2842521667480469
numpy__numpy-6347,6d9926d89e971f9ac74e00e97cde521adbc0e82b,140,24,959,0.3419821262359619,0.6475038528442383
numpy__numpy-6347,ac857a492372633b2ed1e900aeead101ea2fc450,138,39,959,0.34316226840019226,0.6284404993057251
numpy__numpy-15949,fa888107f8269c0c64288f1c191e198d8dc0f96a,1,2,1268,0.44357380270957947,0.7713882327079773
numpy__numpy-15124,f09f2a465d0eceb85066c6cce81f619bdc6b074b,90,9,1177,0.4722650647163391,0.521743655204773
numpy__numpy-18416,1149633c0dfa1a1f8fd9bb6f3d9946a5c8575834,823,4,1553,0.295978844165802,0.8008993864059448
numpy__numpy-4304,12c0f9bb367b2956fb0940c0340a936331193fb3,116,1,969,0.4038407802581787,0.6940100789070129
numpy__numpy-10111,8399a47b2f8e45252b3d0b3e0c95bc3b1d7a48ca,105,1,932,0.397255539894104,0.5130902528762817
numpy__numpy-8131,6b112f37ac5938efafa52769d178b4796664cc5f,181,7,1043,0.32657402753829956,0.3400847911834717
numpy__numpy-12408,9ee44e9ff61bcebf59327bbe25c74d10a8370d62,41,2,1029,0.41610774397850037,0.823676586151123
numpy__numpy-7373,a96437a4205e525e8b922ff439694a0fd3f3afea,293,15,935,0.33989715576171875,0.38298386335372925
numpy__numpy-16675,0d3fd911839676cce7e040c0885d30d23cb8a388,175,1,1429,0.414340615272522,0.7218893766403198
numpy__numpy-9701,8c23e1441a8eb48892b47540389f8e4b3a6eb7e4,82,1,919,0.4310493469238281,0.6564345359802246
numpy__numpy-16953,069e1fab3aec0f22a8c8e3faa95f3a63c292c504,231,176,1421,0.43926185369491577,0.3134745955467224
numpy__numpy-10031,2f68c4d50a971b76e0ae7022bcc709f6eb341bd0,100,2,931,0.3925366699695587,0.7570450305938721
numpy__numpy-5981,1e3208ac8e85c18e0ffa07ebfad02e1c99143017,6,1,934,0.6249458193778992,0.7163774967193604
numpy__numpy-4872,a8925592a6c6ea0a0089b623c8c123a28e6a11e5,96,6,927,0.37303227186203003,0.5361971855163574
numpy__numpy-20972,1bbacad45a08a4b704b451207c92adb935f0ffc3,148,1,1871,0.5091090798377991,0.6448571681976318
numpy__numpy-20762,4408fe833b4c49bff3fd165c3caecd3b42b77ccd,276,1,1852,0.3937493860721588,0.7410189509391785
numpy__numpy-20762,04d9f8a241c96512c495e19bf4d076f1e0828f6c,378,2,1852,0.3607242703437805,0.7109419107437134
numpy__numpy-23382,3bea91dd239cf1de3d33004deb40aea21b262c50,225,8,2060,0.32553941011428833,0.7326136827468872
numpy__numpy-9285,3b7756b598c9528befaa52e7eaf048ac71904a30,481,7,906,0.35291439294815063,0.7543634176254272
numpy__numpy-9285,93ef4587c265939ed41f3898129d9c3406b7ab7c,12,3,906,0.5591186285018921,0.7896220088005066
numpy__numpy-9285,eb6150201c2e43263765ef0a38dc0d2be84ee403,267,15,906,0.4265584647655487,0.7171916961669922
numpy__numpy-3322,d689982dbc68c4cf153f99da461d5e047a882f60,134,29,1025,0.36703863739967346,0.44562578201293945
